{
  "" : {
    "transaction" : "",
    "sampleCount" : 30,
    "errorCount" : 15,
    "errorPct" : 50.0,
    "meanResTime" : 3303.0,
    "medianResTime" : 3082.0,
    "minResTime" : 94.0,
    "maxResTime" : 7475.0,
    "pct1ResTime" : 6909.6,
    "pct2ResTime" : 7272.599999999999,
    "pct3ResTime" : 7475.0,
    "throughput" : 3.761283851554664,
    "receivedKBytesPerSec" : 21.69533502852307,
    "sentKBytesPerSec" : 5.065244561810431
  },
  "-16" : {
    "transaction" : "-16",
    "sampleCount" : 15,
    "errorCount" : 0,
    "errorPct" : 0.0,
    "meanResTime" : 4546.266666666667,
    "medianResTime" : 4403.0,
    "minResTime" : 3703.0,
    "maxResTime" : 5506.0,
    "pct1ResTime" : 5505.4,
    "pct2ResTime" : 5506.0,
    "pct3ResTime" : 5506.0,
    "throughput" : 2.623753716984432,
    "receivedKBytesPerSec" : 24.88722641901347,
    "sentKBytesPerSec" : 1.1273941752667485
  },
  "-2" : {
    "transaction" : "-2",
    "sampleCount" : 15,
    "errorCount" : 15,
    "errorPct" : 100.0,
    "meanResTime" : 61.19999999999999,
    "medianResTime" : 17.0,
    "minResTime" : 15.0,
    "maxResTime" : 179.0,
    "pct1ResTime" : 173.6,
    "pct2ResTime" : 179.0,
    "pct3ResTime" : 179.0,
    "throughput" : 20.689655172413794,
    "receivedKBytesPerSec" : 4.626885775862069,
    "sentKBytesPerSec" : 9.859913793103448
  },
  "-3" : {
    "transaction" : "-3",
    "sampleCount" : 15,
    "errorCount" : 15,
    "errorPct" : 100.0,
    "meanResTime" : 66.39999999999999,
    "medianResTime" : 18.0,
    "minResTime" : 15.0,
    "maxResTime" : 175.0,
    "pct1ResTime" : 169.6,
    "pct2ResTime" : 175.0,
    "pct3ResTime" : 175.0,
    "throughput" : 17.123287671232877,
    "receivedKBytesPerSec" : 3.8293289811643834,
    "sentKBytesPerSec" : 8.02654109589041
  },
  "Total" : {
    "transaction" : "Total",
    "sampleCount" : 105,
    "errorCount" : 30,
    "errorPct" : 28.571428,
    "meanResTime" : 1593.1809523809525,
    "medianResTime" : 34.0,
    "minResTime" : 9.0,
    "maxResTime" : 7475.0,
    "pct1ResTime" : 6176.8,
    "pct2ResTime" : 6502.2,
    "pct3ResTime" : 7452.919999999999,
    "throughput" : 8.649093904448105,
    "receivedKBytesPerSec" : 25.973827481466227,
    "sentKBytesPerSec" : 3.858789384266886
  },
  "-5" : {
    "transaction" : "-5",
    "sampleCount" : 15,
    "errorCount" : 0,
    "errorPct" : 0.0,
    "meanResTime" : 22.4,
    "medianResTime" : 20.0,
    "minResTime" : 18.0,
    "maxResTime" : 44.0,
    "pct1ResTime" : 38.0,
    "pct2ResTime" : 44.0,
    "pct3ResTime" : 44.0,
    "throughput" : 16.64816870144284,
    "receivedKBytesPerSec" : 4.705058615427303,
    "sentKBytesPerSec" : 7.803829078801332
  },
  "-7" : {
    "transaction" : "-7",
    "sampleCount" : 15,
    "errorCount" : 0,
    "errorPct" : 0.0,
    "meanResTime" : 35.599999999999994,
    "medianResTime" : 35.0,
    "minResTime" : 34.0,
    "maxResTime" : 41.0,
    "pct1ResTime" : 39.2,
    "pct2ResTime" : 41.0,
    "pct3ResTime" : 41.0,
    "throughput" : 25.29510961214165,
    "receivedKBytesPerSec" : 5.706221016020236,
    "sentKBytesPerSec" : 12.02999841905565
  },
  "-8" : {
    "transaction" : "-8",
    "sampleCount" : 15,
    "errorCount" : 0,
    "errorPct" : 0.0,
    "meanResTime" : 10.333333333333334,
    "medianResTime" : 10.0,
    "minResTime" : 9.0,
    "maxResTime" : 14.0,
    "pct1ResTime" : 12.8,
    "pct2ResTime" : 14.0,
    "pct3ResTime" : 14.0,
    "throughput" : 26.690391459074736,
    "receivedKBytesPerSec" : 7.365922486654804,
    "sentKBytesPerSec" : 12.354731983985763
  },
  "-12" : {
    "transaction" : "-12",
    "sampleCount" : 15,
    "errorCount" : 0,
    "errorPct" : 0.0,
    "meanResTime" : 6410.066666666667,
    "medianResTime" : 6401.0,
    "minResTime" : 5738.0,
    "maxResTime" : 7475.0,
    "pct1ResTime" : 7254.2,
    "pct2ResTime" : 7475.0,
    "pct3ResTime" : 7475.0,
    "throughput" : 2.00213561131874,
    "receivedKBytesPerSec" : 20.63138180726108,
    "sentKBytesPerSec" : 0.6823684847170315
  }
}